Juan Benavides, 1247875554, 3003248651, jbenavides@gmail.com
Olga Benavides, Eva Benavides, Mario Arteaga, Dora Arteaga

Aida Rojas, 1263828343, 3205674190, aidarojas@hotmail.com
Elvia Rojas, Juana Rojas, Armando Rojas, Elver Buitrago, Rosa Buitrago, Ismael Buitrago

Roberto Medina, 1097382647, 3107213549, rmedina@gmail.com
Camila Jimenez, Santiago SÃ¡nchez, Laura Perez

Juan Perez, 1234567890, 3012345678, jperez@gmail.com
Carlos Gonzalez, Maria Fernandez, Ana Rodriguez

Ana Garcia, 2345678901, 3109876543, agarcia@hotmail.com
Luisa Martinez

Jose Ramirez, 3456789012, 3001234567, jramirez@gmail.com
Sandra Valencia, Juan Medina, Luisa Gallego

Pedro Hernandez, 4567890123, 3209876543, phernandez@hotmail.com
Juan Villamizar, Ana Giraldo

Martha Gomez, 5678901234, 3045678901, mgomez@gmail.com
Juan Sarmiento, Camila Sierra, Samuel Lopez

Luis Martinez, 6789012345, 3187654321, lmartinez@hotmail.com
Ana Torres, Juan Gomez, Pedro Mendoza, Maria Rojas

Laura Ospina, 7890123456, 3004567890, lospina@gmail.com
Ana Rios, Juan Osorio, Andres Vasquez, Maria Torres

Carolina Rodriguez, 8901234567, 3156789012, crodriguez@hotmail.com
Juan Torres, Ana Ortiz, Luis Salgado, Sandra Jimenez

Oscar Garcia, 9012345678, 3145678901, ogarcia@gmail.com
Ana Sanchez, Juan Jimenez, Maria Delgado, Luisa Velasco, Pedro Castro

Maria Perez, 0123456789, 3112345678, mperez@hotmail.com
Ana Hernandez, Juan Reyes, Luisa Pardo, Pedro Suarez, Sandra Ortiz